start_time_ms,open,high,low,close,volume,turnover
1755820800000,112462.7,117374.5,111618.8,116899.8,110849.704,12721950201.5613
1755907200000,116899.8,116998,114504.7,115404.8,40974.686,4728428516.1333
1755993600000,115404.8,115656.7,110551,113474.8,77200.189,8758656007.8237
1756080000000,113474.8,113649.9,109222.6,110069.7,115780.293,12897034626.0128
1756166400000,110069.7,112342.4,108669,111723.1,77734.568,8564646582.9941
1756252800000,111723.1,112589.9,110312.1,111184.3,63118.555,7041197901.288
1756339200000,111184.3,113433,110781.5,112511.4,53956.782,6072404905.395
1756425600000,112511.4,112616.4,107432.6,108355.3,95552.618,10472992041.0793
1756512000000,108355.3,108902.3,107300,108780.7,29253.799,3170741496.3354
1756598400000,108780.7,109444,108008.4,108200,36717.604,3992088300.052
1756684800000,108200,109872.8,107202,109191.8,80073.654,8692075414.0429
1756771200000,109191.8,111730,108320.7,111217.7,88135.331,9721441871.8099
1756857600000,111217.7,112557,110476.8,111661.8,56594.776,6316051711.3976
1756944000000,111661.8,112138.3,109276.7,110685.5,69781.744,7710118807.6249
1757030400000,110685.5,113369.4,110155,110623.1,113076.839,12630914748.9483
1757116800000,110623.1,111258,109888,110131.5,22349.372,2468654868.1923
1757203200000,110131.5,111558,110119.4,111086.7,26731.491,2965607964.7189
1757289600000,111086.7,112871.4,110555.3,112011.3,56300.974,6294714859.1613
1757376000000,112011.3,113238.1,110706.4,111500,75941.704,8494580027.1653
1757462400000,111500,114250,110865,113890,80341.441,9075492974.0531
1757548800000,113890,115446.1,113242,115440.1,73519.99,8396306327.5991
1757635200000,115440.1,116600,114700.8,115972,67336.242,7781100450.7686
1757721600000,115972,116222,114978.2,115849.6,35073.515,4057725653.6809
1757808000000,115849.6,116117.8,115060.1,115214.4,34689.23,4010146895.5389
1757894400000,115214.4,116761.3,114316.3,115315.6,71614.932,8252364904.5225
1757980800000,115315.6,116947.3,114688,116748.9,58734.634,6800463305.4658
1758067200000,116748.9,117239.5,114710,116400.2,90856.98,10541255734.5695
1758153600000,116400.2,117884,115980.1,117023.5,63019.994,7387872992.2696
1758240000000,117023.5,117417.6,115035,115572.9,47422.389,5509973398.2838
1758326400000,115572.9,116093.6,115360,115628.9,16833.046,1948297585.0852
1758412800000,115628.9,115779.6,115117.3,115173.4,19906.337,2298064899.972
1758499200000,115173.4,115340.2,111500,112600.7,95970.115,10848173709.0775
1758585600000,112600.7,113247.1,111350.7,111937.5,58055.901,6525768993.8073
1758672000000,111937.5,113900,110904.2,113255.5,58452.381,6590348964.2148
1758758400000,113255.5,113457.3,108560,108931.3,106454.852,11802717919.1054
1758844800000,108931.3,110255.6,108550,109592.1,61072.185,6675006935.8026
1758931200000,109592.1,109710.9,108988,109585.6,19515.907,2134311314.1873
1759017600000,109585.6,112345.9,109133.8,112133.5,38896.534,4292526736.0286
1759104000000,112133.5,114377.1,111487.2,114251.4,61563.487,6954291890.8551
1759190400000,114251.4,114825.7,112603.9,114013.8,65002.37,7388036636.2683
1759276800000,114013.8,118644,113913.8,118555.4,90724.436,10553175047.8283
1759363200000,118555.4,120994.2,118202.7,120484,92986.891,11103877408.3046
1759449600000,120484,123858.6,119160,122180.2,102149.043,12422396698.3867
1759536000000,122180.2,122767.7,121472.9,122359.3,33690.204,4112513389.0964
1759622400000,122359.3,125849.7,122082.6,123447.9,103289.951,12782324346.6937
1759708800000,123447.9,126150,122989.1,124606.1,89136.383,11098359388.2216
1759795200000,124606.1,125114.2,120545,121299.4,111549.498,13691220315.4783
1759881600000,121299.4,124162.5,121000,123245.3,80807.834,9906313784.8777
1759968000000,123245.3,123733.9,119574,121603,101478.669,12340687990.9305
1760054400000,121603,122490,101045.9,112732.5,269200.998,30823235619.7927
1760140800000,112732.5,113279.8,109453.4,110599.9,88160.921,9840234817.8019
1760227200000,110599.9,115749,109503.2,114908.5,98366.647,11098022089.8836
1760313600000,114908.5,115950.6,113526.4,115116.7,80650.448,9258858960.1932
1760400000000,115116.7,115370.5,109800,112972.1,140407.469,15748346371.3643
1760486400000,112972.1,113590,110072.8,110705.3,78436.584,8760580999.0258
1760572800000,110705.3,111962.3,107362.1,108137.8,111060.154,12177700667.5062
1760659200000,108137.8,109199.3,103437.4,106364.6,131510.936,13951765885.9786
1760745600000,106364.6,107476.5,106259.7,107122.2,31438.438,3359823721.9074
1760832000000,107122.2,109434.5,106060.3,108597.3,54161.509,5840384470.4337
1760918400000,108597.3,111692.3,107373.7,110490,83190.472,9175813936.5231
1761004800000,110490,114000,107412.1,108240.1,152354.306,16772463376.3045
1761091200000,108240.1,109273.7,106588,107522.8,110963.34,11976513232.5975
1761177600000,107522.8,111272.4,107456.7,110015,83304.981,9125507437.6054
1761264000000,110015,112162.2,109603.4,110964.7,72850.415,8068187067.9421
1761350400000,110964.7,111935.8,110618.8,111587.5,25005.408,2786279495.0988
1761436800000,111587.5,115583,111187.8,114498.3,51419.599,5824603775.4948
1761523200000,114498.3,116373.3,113777.3,114061.3,64691.2,7442825748.1774
1761609600000,114061.3,116060.5,112112,112836,90044.271,10274663496.9362
1761696000000,112836,113598,109056.2,109948.8,108084.214,12051428902.3926
1761782400000,109948.8,111571.9,106225,108261.7,127594.01,13867481678.0516
1761868800000,108261.7,111147,108223,109546.7,79875.841,8755497030.9641
1761955200000,109546.7,110537.2,109333,110046,23460.006,2581267096.2161
1762041600000,110046,111200,109433,110493.5,29980.136,3308327413.6269
1762128000000,110493.5,110721.3,105178.2,106536.4,100347.587,10757467487.7205
1762214400000,106536.4,107266.7,98888.1,101441.9,142943.049,14680133468.3015
1762300800000,101441.9,104500,98894.6,103835.2,83725.95,8561084902.402
1762387200000,103835.2,104167,100234.5,101296.2,83573.988,8542232440.3892
1762473600000,101296.2,104047.6,99201.8,103300.5,87394.757,8859972918.0553
1762560000000,103300.5,103378.7,101408.7,102268.6,33173.151,3392570530.6397
1762646400000,102268.6,105442.9,101237.3,104665,56192.634,5801716222.1494
1762732800000,104665,106634.8,104211.6,105969.5,65671.48,6944143976.2515
1762819200000,105969.5,107481,102420.5,103009.7,73652.259,7698095427.9918
1762905600000,103009.7,105316.9,100741.8,101595.6,81501.003,8392838082.5122
1762992000000,101595.6,104031.9,97931,99629,123060.242,12435299046.9229
1763078400000,99629,99901.5,93905.9,94533.3,137799.663,13287580126.505
1763164800000,94533.3,96777,94511.7,95559.1,42212.279,4044063625.5384
1763251200000,95559.1,96594.9,92920.1,94215.9,65390.354,6190617229.3224
1763337600000,94215.9,96046.2,91227.7,92171.4,106744.646,10013438448.6502
1763424000000,92171.4,93800,89243.1,92925,125238.423,11464812842.9078
1763510400000,92925,92950,88571.6,91509,118198.838,10718621677.5788
1763596800000,91509,93150,86050.2,86583,142756.739,12767170396.1038
1763683200000,86583,87460,80607.9,85097.1,222074.874,18643595860.0622
1763769600000,85097.1,85592.2,83457.5,84701.5,45817.411,3864897678.9887
1763856000000,84701.5,88082.9,84633,86802.8,69171.284,5991818281.6141
1763942400000,86802.8,89172.2,85211.1,88240.1,113846.574,9909452145.943
1764028800000,88240.1,88496,86050,87315.5,85998.202,7501941698.7577
1764115200000,87315.5,90649.9,86252.6,90427,79837.957,7039830768.3615
1764201600000,90427,91902.7,90025,91284.2,56827.705,5180483368.6041
1764288000000,91284.2,93081,90151.9,90845.7,74905.564,6851200161.757
1764374400000,90845.7,91128.9,90071.3,90766.9,28853.08,2615283258.8713
1764460800000,90766.9,91963.7,90285.5,90308.6,33467.119,3051020766.102
1764547200000,90308.6,90374.4,83755.3,86244.1,141902.373,12226494980.1775
1764633600000,86244.1,92298.9,86148.4,91241.7,108532.27,9687855020.2577
1764720000000,91241.7,94189.4,90945,93390.1,103084.143,9564592813.9947
1764806400000,93390.1,94058.1,90800,92031.8,74715.023,6916419982.2989
1764892800000,92031.8,92658.3,88002.1,89273.7,92767.001,8370047917.5992
1764979200000,89273.7,90234.6,88860,89185.4,28467.679,2549057764.653
1765065600000,89185.4,91726.2,87680,90335.4,66491.321,5961899073.6526
1765152000000,90335.4,92261.9,89567.7,90598,68987.689,6267110493.8572
1765238400000,90598,94550,89406.7,92636.1,87332.829,8039570339.1685
1765324800000,92636.1,94457.8,91484.6,91971.7,77498.127,7169596459.7539
1765411200000,91971.7,93544.9,89198.9,92483.7,92013.209,8351200635.7011
1765497600000,92483.7,92730,89416.7,90230.9,69090.943,6296676792.8607
1765584000000,90230.9,90589.8,89712.7,90186.4,18512.335,1670043250.8859
1765670400000,90186.4,90440.7,87521.9,88116,44559.06,3967113576.7897
1765756800000,88116,89986,85080,86391.7,99477.322,8703412812.9388
1765843200000,86391.7,88149.6,85222,87821.3,80200.563,6971644830.1606
1765929600000,87821.3,90341,85259.2,86197.3,114670.925,10011867228.8304
1766016000000,86197.3,89483.5,84408.1,85470.1,118511.78,10292963869.5461
1766102400000,85470.1,89381,85063,88101.1,93073.656,8154555038.6912
1766188800000,88101.1,88539.9,87739.9,88314.8,17022.345,1500810947.5333
1766275200000,88314.8,89046.3,87533.7,88629,35879.108,3165549084.4052
1766361600000,88629,90588.8,87844.9,88578.3,75115.67,6702160415.3412
1766448000000,88578.3,88896,86542.2,87444,72824.578,6383420777.5429
1766534400000,87444,88032.9,86363.3,87636.3,44548.378,3883254795.8017
1766620800000,87636.3,88565.5,86902.2,87178.1,32901.382,2887174672.8932
1766707200000,87178.1,89539,86618.6,87328.8,70216.451,6181297588.5744
1766793600000,87328.8,87958,87200.1,87835.6,12512.888,1095210777.1845
1766880000000,87835.6,88064,87365.8,87909.9,17141.958,1504074446.4684
1766966400000,87909.9,90422,86753,87184.6,80499.669,7110222312.5394
1767052800000,87184.6,89373,86779.2,88458,60503.934,5333710206.2858
1767139200000,88458,89194.3,87177.8,87594.9,45406.525,4004526981.2261
1767225600000,87594.9,88891.9,87515,88810.1,24082.533,2121327050.1724
1767312000000,88810.1,90958.5,88325.9,89953.8,80011.551,7166052802.3691
1767398400000,89953.8,90706.4,89255.1,90599.9,25358.895,2281522111.1661
1767484800000,90599.9,91775.6,90599.9,91490.7,34173.339,3118144662.8028
1767571200000,91490.7,94749.9,91469,93825.5,83570.041,7791177087.3545
1767657600000,93825.5,94405,91217.2,93714.6,81468.954,7584550444.2539
1767744000000,93714.6,93714.6,90624.3,91332,74646.651,6847121954.1181
1767830400000,91332,91641.4,89262,91061.9,76107.62,6883894015.5653
1767916800000,91061.9,92001.6,89650.1,90608.4,69261.141,6286465321.0479
1768003200000,90608.4,90812.1,90332.8,90479.6,11557.854,1047093979.0384
1768089600000,90479.6,91254.5,90176.4,90962.6,20231.225,1835722603.0356
1768176000000,90962.6,92500,90068,91248.7,77609.952,7090578147.6298
1768262400000,91248.7,96654,91003,95389.5,96658.133,9021072258.7616
1768348800000,95389.5,97963.2,94509,96900,85925.616,8275421395.6975
1768435200000,96900,97174.5,95071.8,95559.9,67571.964,6499394137.265
1768521600000,95559.9,95819,94241.3,95504.9,46895.123,4461560787.9876
1768608000000,95504.9,95653.3,94967.9,95103,14622.327,1393124497.6684
1768694400000,95103,95490.5,93545,93624.6,26713.016,2531621086.4302
1768780800000,93624.6,93624.6,91800.2,92584.3,56043.348,5197430892.6609
1768867200000,92584.3,92847.1,87773.1,88379.9,93982.491,8497715781.2693
1768953600000,88379.9,90542.2,87212,89410.1,98984.074,8826585961.7931
1769040000000,89410.1,90337.9,88462.3,89511.7,56015.193,5013209312.2043
1769126400000,89511.7,91180,88500,89551.7,57180.322,5130224699.7936
1769212800000,89551.7,89883.4,89105.7,89177.1,12523.344,1119936601.5526
1769299200000,89177.1,89271.8,86031.4,86625.6,58830.616,5147469568.8544
1769385600000,86625.6,88843.9,86446.8,88305.1,60327.106,5295499664.9864
1769472000000,88305.1,89499.8,87234,89202.3,59432.496,5251327152.4596
1769558400000,89202.3,90597,88800,89261.7,67780.863,6068275564.423
1769644800000,89261.7,89312.7,83311,84599.8,103238.144,8862754798.7714
1769731200000,84599.8,84692.3,81000,84222.5,117119.557,9711626134.9808
1769817600000,84222.5,84254.3,75689.6,78704.4,140584.161,11210758605.8483
1769904000000,78704.4,79388.5,75663.2,76938.5,85903.568,6674211767.7538
1769990400000,76938.5,79388,74567.3,78693.9,112456.306,8681528413.5981
1770076800000,78693.9,79177.7,72889.7,75723.2,135937.152,10363339675.831
1770163200000,75723.2,76991.2,71805.2,73130.3,128922.745,9573977201.939
1770249600000,73130.3,73312.1,62250,62872.7,286006.015,19325628919.549
1770336000000,62872.7,71719.9,59888,70532.3,231100.223,15296031238.4408
1770422400000,70532.3,71653.2,67307.3,69248.2,111608.391,7719611277.6477
1770508800000,69248.2,72254.1,68839,70289.8,63712.92,4496916879.0276
1770595200000,70289.8,71418.4,68207.2,70110.8,86642.442,6053936045.7338
1770681600000,70110.8,70508.8,67869,68804.3,75569.798,5221134371.8089
1770768000000,68804.3,69265.8,65705,67044.5,121594.457,8168278683.865
1770854400000,67044.5,68396,65065,66244.8,98006.529,6539183117.4041
1770940800000,66244.8,69450,65824.7,68819.2,84429.056,5720537865.3329
1771027200000,68819.2,70550,68691.1,69790.1,45153.823,3145160969.5713
1771113600000,69790.1,70937,68051.7,68800,60548.124,4199379955.3358
1771200000000,68800,70099.1,67243.6,68863.8,63330.007,4334412565.7002
1771286400000,68863.8,69228.5,66556.6,67474.9,73367.421,4968846586.2949
1771372800000,67474.9,68440,65814.6,66426,69348.243,4657941812.8279
1771459200000,66426,67307.9,65573.5,66982.1,64941.821,4322561007.4321
1771545600000,66982.1,68299.9,66427.5,67989.2,92495.864,6236510847.5743
1771632000000,67989.2,68687.1,67511,67934.5,32305.152,2202797344.4091
1771718400000,67934.5,68224.4,67143.5,67610.5,31224.35,2114155495.5126
1771804800000,67610.5,67652.2,63833,64615.3,119734.752,7817432381.067
1771891200000,64615.3,64979.7,62422.3,64032.5,107197.219,6823485077.3544
1771977600000,64032.5,69989.8,63869.5,67958.3,148559.208,9971852893.5346
1772064000000,67958.3,68841.7,66451.1,67447.5,90292.374,6108675062.7921
1772150400000,67447.5,68185.6,64888,65833.4,82996.047,5507946502.8617
1772236800000,65833.4,67739.5,62972.3,66939.6,119624.753,7770547130.0399
1772323200000,66939.6,68183.2,65001,65746.9,90228.941,6004730117.89
1772409600000,65746.9,70066,65238.5,68799.9,116572.4,7889425623.4122
1772496000000,68799.9,69222,66054.3,68299.5,112639.401,7627292567.007
1772582400000,68299.5,74021.8,67348.4,72640.4,143556.262,10231389874.5722
1772668800000,72640.4,73537.9,70610,70847.6,104007.762,7486830026.3596
1772755200000,70847.6,71384.5,67720,68075.5,97741.594,6782839813.7542
1772841600000,68075.5,68536.8,66885.4,67227.1,39363.204,2665885807.7571
1772928000000,67227.1,68167.7,65580,65943.8,67710.732,4530509498.9111
1773014400000,65943.8,69500,65782.7,68390.7,100098.267,6813257281.6473
1773100800000,68390.7,71762.8,68355,69907.5,123676.836,8694229305.8029
1773187200000,69907.5,71300,68921.8,70150.8,93561.073,6562769105.1333
1773273600000,70150.8,70772.4,69150,70482,83619.103,5854118783.2342
1773360000000,70482,73869.8,70345.6,70884,125439.679,9021868571.9638
1773446400000,70884,71263.8,70262,71178,31476.919,2226148989.0848
1773532800000,71178,73217.2,70811.9,72777.5,54845.915,3939414845.3459
1773619200000,72777.5,74900,72226.3,74854.7,103174.742,7609170008.2217
1773705600000,74854.7,76053.9,73323.9,73861.6,90809.701,6756422839.7408
1773792000000,73861.6,74640.2,70452,71213.7,99262.624,7169875580.4849
1773878400000,71213.7,71588.2,68750,69881.8,95150.56,6655278207.828
1773964800000,69881.8,71343.9,69338,70476.1,84011.07,5902883226.3578
1774051200000,70476.1,71068,68500,68870.5,35315.525,2480102164.1718
1774137600000,68870.5,69557.3,67300.1,67828.1,63156.342,4327975427.4276
1774224000000,67828.1,71788,67412.7,70865,134039.109,9390363799.253
1774310400000,70865,71393.8,68849.2,70518.3,98333.013,6900921927.5703
1774396800000,70518.3,71984.8,70379.2,71304.3,81186.79,5778111938.5256
1774483200000,71304.3,71420.9,68100.6,68793.4,84657.806,5879405562.3873
1774569600000,68793.4,69150,65504.7,66374.7,98563.726,6594353874.2824
1774656000000,66374.7,67287.8,65880.7,66345.4,39155.579,2606648741.4284
1774742400000,66345.4,67113.3,64935.7,65990.7,47878.851,3172539295.59
1774828800000,65990.7,68199.9,65747.8,66767.3,84903.544,5701669438.8425
1774915200000,66767.3,68599.9,65950,68244.6,104772.332,7053711069.6226
1775001600000,68244.6,69301,67543.8,68086,75433.394,5161847567.9027
1775088000000,68086,68645.7,65666,66870.9,87701.119,5860657878.827
1775174400000,66870.9,67344.9,66240,66932.7,42291.336,2825004211.9521
1775260800000,66932.7,67543,66737,67266.7,21356.323,1434205222.6003
1775347200000,67266.7,69115.9,66567,69002.4,48149.117,3250756905.0887
1775433600000,69002.4,70351.7,68272,68807.5,80498.136,5586304867.1469
1775520000000,68807.5,72766.4,67679,71894.6,116939.398,8134589403.6429
1775606400000,71894.6,72850,70666.4,71033.2,90153.872,6454766540.7159
1775692800000,71033.2,73141.6,70417.2,71755,103014.613,7378101293.7368
1775779200000,71755,73454.9,71377.6,72920,71298.187,5168597528.242
1775865600000,72920,73800,72481.3,73011.6,36805.013,2689064079.2545
1775952000000,73011.6,73104,70450,70715,62235.842,4440340018.903
1776038400000,70715,74868.2,70523.4,74383.7,94467.85,6830963138.7944
1776124800000,74383.7,76010.3,73754.5,74092.2,86387.613,6451796749.3758
1776211200000,74092.2,75396,73455.5,74778.3,69596.302,5169076129.4346
1776297600000,74778.3,75506.2,73235.8,75105.6,77865.318,5800674846.4883
1776384000000,75105.6,78332.6,74480.2,77018.5,101472.558,7760862405.6338
1776470400000,77018.5,77379.9,75380,75650,43537.095,3320954365.5587
1776556800000,75650,76211.8,73700.1,73765.8,57389.925,4307852634.7838
1776643200000,73765.8,76528.2,73653.6,75789.1,72543.977,5455350627.2674
1776729600000,75789.1,76934.1,74769.6,76294.8,72980.952,5535190136.7239
1776816000000,76294.8,79423.5,76100,78139.5,84574.276,6607165706.6029
1776902400000,78139.5,78633,76900,78214.3,87842.196,6836907920.6563
1776988800000,78214.3,78537,77200,77404.9,62806.443,4888175660.5295
1777075200000,77404.9,77847.6,77090.2,77591.4,19077.118,1478030774.7979
1777161600000,77591.4,78942.3,77284.7,78622.1,44467.367,3474169722.1761
1777248000000,78622.1,79457.4,76415.8,77328.7,75736.776,5889691429.6443
1777334400000,77328.7,77448.2,75620.9,76300,49496.592,3781835402.4564
1777420800000,76300,77860,74900,75750,77544.024,5926003195.4528
1777507200000,75750,76644.3,75272.9,76301,44570.227,3391888642.6902
1777593600000,76301,78900,76269.5,78189.3,61650.32,4797626594.6455
1777680000000,78189.3,79182.5,77992.6,78655.1,21369.823,1676259715.2861
1777766400000,78655.1,79421,78025,78529.9,34169.149,2687978318.8227
1777852800000,78529.9,80742.2,78170.4,79818.9,104936.722,8350438810.1505
1777939200000,79818.9,81787,79752.5,80851.6,65141.767,5281774283.9596
1778025600000,80851.6,82811,80638,81394.2,67227.593,5489308050.7598
1778112000000,81394.2,81671,79461.7,79975.4,59754.979,4810980227.6317
1778198400000,79975.4,80477.6,79120,80158.1,47323.076,3779393493.8476
1778284800000,80158.1,81049.9,80083,80628,21430.024,1724401948.9917
1778371200000,80628,82450,80206.3,82181.9,44667.358,3625937847.1746
1778457600000,82181.9,82350,80410,81699.8,50803.921,4129787406.2677
1778544000000,81699.8,81768.1,79800.1,80459.8,53087.862,4284405345.7968
1778630400000,80459.8,81305.9,78724.9,79285.8,58111.701,4646319960.9849
1778716800000,79285.8,81999,78863.2,81052.6,71424.838,5752745666.4818
1778803200000,81052.6,81639.1,78610,79069.5,71934.59,5750542388.6044
1778889600000,79069.5,79192.8,77601,78106.5,33994.96,2660980607.2735
1778976000000,78106.5,78569.9,76671.5,77416.4,40227.787,3132027124.3802
1779062400000,77416.4,77766.4,75999.9,76963.9,82500.503,6337139932.6582
1779148800000,76963.9,77377.6,76105,76806.1,41064.782,3153194161.6587
1779235200000,76806.1,77838.9,76465.9,77518.9,44655.662,3451912931.0747
1779321600000,77518.9,78173,76680.1,77588.4,54827.313,4250998547.5065
1779408000000,77588.4,77865,75311,75509.6,59270.781,4544633879.1048
1779494400000,75509.6,77371.9,74221.4,76709,67236.629,5085093350.2956
1779580800000,76709,77490,76062.2,77032.5,42693.506,3275642935.1347
1779667200000,77032.5,77885,76859.9,77280.5,36779.062,2845704795.7062
1779753600000,77280.5,78049,75627.9,75897.4,79398.113,6089216870.1211
1779840000000,75897.4,76136.8,74201.2,74412.4,70074.484,5270588655.3475
1779926400000,74412.4,74557.7,72552,73597.6,86542.849,6346202837.3834
1780012800000,73597.6,74310,72460.7,73437.3,78364.439,5759346849.4688
1780099200000,73437.3,74117.7,73160.3,73854.1,21219.414,1564161266.0401
1780185600000,73854.1,74246.1,73351,73649.6,29979.236,2212191515.798
1780272000000,73649.6,74057.6,70650.4,71391.3,98729.422,7113697770.7084
1780358400000,71391.3,71398.4,66160,66725.2,158332.094,10835516041.2452
1780444800000,66725.2,67497.5,64035.3,64115.2,126951.178,8395225576.0949
1780531200000,64115.2,64734.4,61333,63849.1,163465.147,10352951028.4104
1780617600000,63849.1,63954.5,59081.4,61026.6,208616.655,12805109440.682
1780704000000,61026.6,61496.4,59428.7,60855.6,84151.294,5105450158.8789
1780790400000,60855.6,64250,60711.1,63306.5,108294.48,6732710910.5951
1780876800000,63306.5,64220.9,62374,63056.4,84262.562,5340595407.2139
1780963200000,63056.4,63501,60705,61699.9,102673.859,6374767937.3359
1781049600000,61699.9,62846.8,60614.5,61476.4,90916.266,5605750140.6516
1781136000000,61476.4,63900,61476.4,63600,80618.308,5069542157.7856
1781222400000,63600,64371.8,62810,63547.1,63194.373,4018639385.7268
1781308800000,63547.1,64746.9,63372.8,64416.6,34769.04,2225456995.3462
1781395200000,64416.6,65770,63643.7,65710,52469.377,3391712633.8071
1781481600000,65710,67276,65317,66287.2,69019.982,4576700127.3285
1781568000000,66287.2,66970,65327.4,65640,60153.517,3975319420.4927
1781654400000,65640,66444.7,63869.6,64476.6,89269.004,5815390877.4959
1781740800000,64476.6,64781.8,62216.4,62920.1,89421.713,5674207148.6625
1781827200000,62920.1,63641.1,62271.6,63508.9,53203.235,3343069349.8402
1781913600000,63508.9,64356.6,63154.5,64265.4,42233.187,2691833612.1683
1782000000000,64265.4,64589.1,63209.3,63283.4,36109.155,2310608404.1828
1782086400000,63283.4,65596,63279.8,63989.3,84517.437,5453464108.0445
1782172800000,63989.3,64252.8,61878.4,62693.7,80963.493,5078324305.8272
1782259200000,62693.7,63232.7,59065.8,61054.7,123288.725,7522965809.2294
1782345600000,61054.7,61942.3,58042.6,59767.3,141268.103,8473147547.383
1782432000000,59767.3,60731.3,58289.5,60073.4,121158.15,7221072368.8279
1782518400000,60073.4,60918.3,59807.5,59995.3,37343.082,2254145682.3377
1782604800000,59995.3,60522.5,58860,59550.4,45106.813,2695946428.0731
1782691200000,59550.4,60775,58850.6,60224,106823.016,6397486373.9557
1782777600000,60224,60249,58156.7,58603.5,82689.682,4872592085.0409
1782864000000,58603.5,61325.3,57755.8,60000,110530.621,6571282160.2975
1782950400000,60000,62188.7,59556.1,61532.7,85493.955,5224961291.4537
1783036800000,61532.7,62946.1,61210.4,62555.6,47781.523,2963854081.7616
1783123200000,62555.6,63450,62311.8,63112.2,34154.471,2146385875.9108
1783209600000,63112.2,63987.1,62389.4,63614.4,45211.111,2847348505.1175
1783296000000,63614.4,64703.2,61272.5,64020,118320.45,7442908800.3097
1783382400000,64020,64303,62635.5,63332.5,93282.726,5921803498.5684
1783468800000,63332.5,63743.7,61500,62256,74661.662,4650990048.3933
1783555200000,62256,63479.9,61667.6,63196.8,70001.64,4390650656.8135
1783641600000,63196.8,64688.2,62890.6,64141.1,59390.668,3801173159.8552
1783728000000,64141.1,64490.9,63762.6,63782.3,22920.141,1470424367.3996
1783814400000,63782.3,64282.2,63594.3,63745,30613.351,1957336770.7476
1783900800000,63745,64412,61777.6,62311.4,81143.057,5093112430.696
1783987200000,62311.4,65084.1,62235.4,65013.4,81690.459,5211446843.112
1784073600000,65013.4,65566.6,64449.1,64717.1,56788.186,3690205345.6598
1784160000000,64717.1,64974.7,63701.8,63795.3,52811.057,3397778087.4393
1784246400000,63795.3,64360,62502,63911.1,79236.771,5017740900.2815
1784332800000,63911.1,64847.1,63858.7,64806,21479.779,1382131104.9279
1784419200000,64806,64948,64224.3,64698.2,27318.106,1764221805.5473
1784505600000,64698.2,65769.3,63678.8,65221.1,74048.77,4795461685.663
1784592000000,65221.1,66937.7,65114,66524,56520.694,3741635771.5643
1784678400000,66524,66709.5,65509.8,66080.8,47157.489,3111315861.9688
1784764800000,66080.8,66285.5,64581.8,65065.8,48759.452,3179931698.8744
1784851200000,65065.8,65784.7,63700.7,64113,60808.873,3925418042.8632
1784937600000,64113,64422.4,63750.1,64335.1,17527.913,1123806248.1899
1785024000000,64335.1,65559.4,64256.8,65376,27685.466,1794044701.2239
1785110400000,65376,65749.2,63565,63724.5,62432.819,4047754430.771
1785196800000,63724.5,64087.5,62707.4,63901.7,65354.25,4147795114.6026
1785283200000,63901.7,64733,63176,63952.6,79834.135,5116248230.547
1785369600000,63952.6,65186.3,63580,64751.1,45057.292,2909149069.8232
1785456000000,64751.1,65391.6,62384.9,62857.8,73951.472,4696827518.4904
1785542400000,62857.8,63118.3,62240,62790.3,22687.229,1423528406.5593
1785628800000,62790.3,63770,62782.1,63545.9,35918.856,2274098100.784
1785715200000,63545.9,64067.8,62266.6,63504,67818.927,4286974797.2966
1785801600000,63504,64500,63286.4,64076.5,55299.652,3535661637.9927
1785888000000,64076.5,65000,63850,64627.3,62087.752,3998140972.4146
1785974400000,64627.3,64980,64137.1,64288.4,44928.958,2901272789.7298
1786060800000,64288.4,65366.8,64112,64883.1,60939.674,3949419446.194
1786147200000,64883.1,65175.3,64773.4,64929.4,11048.342,717990534.1105
1786233600000,64929.4,65547,64694.4,64863.5,23957.598,1558277528.9822
1786320000000,64863.5,65372.7,63779.2,63946.8,60038.6,3873222748.6756
1786406400000,63946.8,64486.3,63183.1,63560.5,50071.448,3194428506.7658
1786492800000,63560.5,64477,63260.1,63450.8,51458.131,3282085401.1802
1786579200000,63450.8,63994.4,62810.5,63461.9,55557.178,3527564975.4195
1786665600000,63461.9,63597.6,62505.1,63018.5,48744.984,3067725401.1168
1786752000000,63018.5,63159.9,62883.3,63059.2,9952.058,627305277.8076
1786838400000,63059.2,63366,62676.4,62873.2,15081.77,950480777.1123
1786924800000,62873.2,64664,62711.4,64498.1,61436.127,3918511473.0693
1787011200000,64498.1,65041.7,64007.6,64693.2,43004.337,2772577041.0654
1787097600000,64693.2,70052.6,64136,69305,152017.646,10216933556.4551
1787184000000,69305,73399.7,68875,72992.3,118109.251,8443400449.3026
1787270400000,72992.3,79559.2,72987.5,78307.5,157023.531,12039784397.152
